Name,Email
James Smith,james.smith1@example.com
Mary Johnson,mary.johnson2@example.com
John Williams,john.williams3@example.com
Patricia Brown,patricia.brown4@example.com
Robert Jones,robert.jones5@example.com
Jennifer Garcia,jennifer.garcia6@example.com
Michael Miller,michael.miller7@example.com
Linda Davis,linda.davis8@example.com
William Rodriguez,william.rodriguez9@example.com
Elizabeth Martinez,elizabeth.martinez10@example.com
David Hernandez,david.hernandez11@example.com
Barbara Lopez,barbara.lopez12@example.com
Richard Gonzalez,richard.gonzalez13@example.com
Susan Wilson,susan.wilson14@example.com
Joseph Anderson,joseph.anderson15@example.com
Jessica Thomas,jessica.thomas16@example.com
Thomas Taylor,thomas.taylor17@example.com
Sarah Moore,sarah.moore18@example.com
Charles Jackson,charles.jackson19@example.com
Karen Martin,karen.martin20@example.com
Christopher Lee,christopher.lee21@example.com
Nancy Perez,nancy.perez22@example.com
Daniel Thompson,daniel.thompson23@example.com
Lisa White,lisa.white24@example.com
Matthew Harris,matthew.harris25@example.com
Betty Sanchez,betty.sanchez26@example.com
Anthony Clark,anthony.clark27@example.com
Margaret Ramirez,margaret.ramirez28@example.com
Mark Lewis,mark.lewis29@example.com
Sandra Robinson,sandra.robinson30@example.com
Donald Walker,donald.walker31@example.com
Ashley Young,ashley.young32@example.com
Steven Allen,steven.allen33@example.com
Kimberly King,kimberly.king34@example.com
Paul Wright,paul.wright35@example.com
Emily Scott,emily.scott36@example.com
Andrew Torres,andrew.torres37@example.com
Donna Nguyen,donna.nguyen38@example.com
Joshua Hill,joshua.hill39@example.com
Michelle Flores,michelle.flores40@example.com
Kenneth Green,kenneth.green41@example.com
Dorothy Adams,dorothy.adams42@example.com
Kevin Nelson,kevin.nelson43@example.com
Carol Baker,carol.baker44@example.com
Brian Hall,brian.hall45@example.com
Amanda Rivera,amanda.rivera46@example.com
George Campbell,george.campbell47@example.com
Melissa Mitchell,melissa.mitchell48@example.com
Edward Carter,edward.carter49@example.com
Deborah Roberts,deborah.roberts50@example.com
Ronald Smith,ronald.smith51@example.com
Stephanie Johnson,stephanie.johnson52@example.com
Timothy Williams,timothy.williams53@example.com
Rebecca Brown,rebecca.brown54@example.com
Jason Jones,jason.jones55@example.com
Sharon Garcia,sharon.garcia56@example.com
Jeffrey Miller,jeffrey.miller57@example.com
Laura Davis,laura.davis58@example.com
Ryan Rodriguez,ryan.rodriguez59@example.com
Cynthia Martinez,cynthia.martinez60@example.com
Jacob Hernandez,jacob.hernandez61@example.com
Kathleen Lopez,kathleen.lopez62@example.com
Gary Gonzalez,gary.gonzalez63@example.com
Amy Wilson,amy.wilson64@example.com
Nicholas Anderson,nicholas.anderson65@example.com
Shirley Thomas,shirley.thomas66@example.com
Eric Taylor,eric.taylor67@example.com
Angela Moore,angela.moore68@example.com
Jonathan Jackson,jonathan.jackson69@example.com
Helen Martin,helen.martin70@example.com
Stephen Lee,stephen.lee71@example.com
Anna Perez,anna.perez72@example.com
Larry Thompson,larry.thompson73@example.com
Brenda White,brenda.white74@example.com
Justin Harris,justin.harris75@example.com
Pamela Sanchez,pamela.sanchez76@example.com
Scott Clark,scott.clark77@example.com
Nicole Ramirez,nicole.ramirez78@example.com
Brandon Lewis,brandon.lewis79@example.com
Emma Robinson,emma.robinson80@example.com
Benjamin Walker,benjamin.walker81@example.com
Samantha Young,samantha.young82@example.com
Samuel Allen,samuel.allen83@example.com
Katherine King,katherine.king84@example.com
Gregory Wright,gregory.wright85@example.com
Christine Scott,christine.scott86@example.com
Alexander Torres,alexander.torres87@example.com
Debra Nguyen,debra.nguyen88@example.com
Patrick Hill,patrick.hill89@example.com
Rachel Flores,rachel.flores90@example.com
Frank Green,frank.green91@example.com
Catherine Adams,catherine.adams92@example.com
Raymond Nelson,raymond.nelson93@example.com
Carolyn Baker,carolyn.baker94@example.com
Jack Hall,jack.hall95@example.com
Janet Rivera,janet.rivera96@example.com
Dennis Campbell,dennis.campbell97@example.com
Ruth Mitchell,ruth.mitchell98@example.com
Jerry Carter,jerry.carter99@example.com
Maria Roberts,maria.roberts100@example.com
